{"cameraMode":{"drawMode":0,"name":"Shaded","section":"Shading Mode"},"sceneLighting":true,"audioPlay":false,"sceneViewState":{"m_AlwaysRefresh":false,"showFog":true,"showSkybox":true,"showFlares":true,"showImageEffects":true,"showParticleSystems":true,"showVisualEffectGraphs":true,"m_FxEnabled":true},"in2DMode":false,"pivot":{"x":-0.15700936317443849,"y":1.975601077079773,"z":0.09529411792755127},"rotation":{"x":0.23439618945121766,"y":-0.36512133479118349,"z":0.09552834928035736,"w":0.8958888053894043},"size":4.287916660308838,"orthographic":true}